TrustName,ODSCode,Country,CentreType,ISTCLocation,CentreNumber,NumberHESOperations,TimeFraction,NumberOperationsCA,CaseAscertainment,NumberEligibleOperations,NumberOfSurgeons,PercentageOperationsConsultant,PercentageOperationsCareer,PercentageOperationsExperienced,PercentageOperationsLess,NumberOfPatients,NumOpsExcludingBilateral,PercentageFirstEyeOperations,Q1AgeFirstEyeOperations,MedianAgeFirstEyeOperations,Q3AgeFirstEyeOperations,PercentageSecondEyeOperations,Q1AgeSecondEyeOperations,MedianAgeSecondEyeOperations,Q3AgeSecondEyeOperations,PercentageOpsWithPreOpVA,Q1PreOperativeVA,MedianPreOperativeVA,Q3PreOperativeVA,PercentageAnyCopathology,UnadjustedPCRRate,CaseComplexityIndexPCR,AdjustedPCRRate,NumberOpsEligiblePostOpVA,PercentageOpsWithPostOpVA,Q1PostOperativeVA,MedianPostOperativeVA,Q3PostOperativeVA,PercentageOpsChangeVAData,NumberOpsEligibleVALoss,UnadjustedVALossRate,CaseComplexityIndexVALoss,AdjustedVALossRate
MOORFIELDS EYE HOSPITAL NHS FOUNDATION TRUST,RP6,ENGLAND,NHS,,1,19000,1,21037,100.0,17497,224,47.7,4.1,46.8,1.5,13950,16997,61.0,64.0,72.2,79.1,39.0,66.3,73.3,79.8,93.0,0.30,0.50,0.90,37.5,1.30,2.00,0.72,14590,90.6,0.00,0.10,0.18,86.3,12596,0.38,0.83,0.42
THE NEWCASTLE UPON TYNE HOSPITALS NHS FOUNDATION TRUST,RTD,ENGLAND,NHS,,2,8770,1,8339,95.1,7708,61,75.5,0.5,23.8,0.3,6200,7704,51.5,69.4,76.0,82.2,48.5,70.8,76.7,82.7,76.3,0.30,0.50,0.80,47.2,1.28,1.69,0.83,6337,53.9,0.00,0.10,0.20,42.4,,,,
NORFOLK AND NORWICH UNIVERSITY HOSPITALS NHS FOUNDATION TRUST,RM1,ENGLAND,NHS,,3,2115,1,2069,97.8,1815,31,69.0,0.2,30.0,0.8,1374,1815,55.0,71.0,77.1,83.1,45.0,71.9,78.0,83.3,88.2,0.30,0.50,0.80,50.3,1.21,1.67,0.80,1578,13.5,0.10,0.20,0.30,12.3,,,,
LEEDS TEACHING HOSPITALS NHS TRUST,RR8,ENGLAND,NHS,,4,2845,1,2788,98.0,2406,44,41.9,0.0,52.2,5.9,1916,2370,55.8,66.4,75.1,82.0,44.2,68.1,75.8,82.3,98.6,0.30,0.60,1.00,63.7,1.79,2.15,0.92,1986,86.2,0.00,0.10,0.20,85.0,1689,0.77,1.28,0.54
OXFORD UNIVERSITY HOSPITALS NHS FOUNDATION TRUST,RTH,ENGLAND,NHS,,6,3360,1,3296,98.1,2917,53,37.9,1.4,60.2,0.5,2503,2917,53.0,67.9,76.1,82.8,47.0,70.3,78.1,83.9,91.3,0.30,0.50,0.90,65.5,1.89,2.50,0.83,2358,62.5,0.00,0.20,0.30,58.2,,,,
UNIVERSITY HOSPITALS BRISTOL AND WESTON NHS FOUNDATION TRUST,RA7,ENGLAND,NHS,,7,3035,1,2919,96.2,2545,58,45.5,1.6,52.9,0.0,2172,2543,58.2,67.1,75.4,82.1,41.8,68.8,77.1,83.5,86.2,0.30,0.50,0.86,64.2,1.96,2.15,1.00,1993,65.3,0.00,0.10,0.30,58.1,,,,
GLOUCESTERSHIRE HOSPITALS NHS FOUNDATION TRUST,RTE,ENGLAND,NHS,,8,2190,1,2143,97.9,1805,34,66.3,8.4,21.3,4.0,1512,1801,54.0,70.5,77.9,83.6,46.0,72.2,78.9,84.4,92.6,0.30,0.50,0.80,63.7,1.66,1.84,0.99,1461,79.3,0.00,0.10,0.22,75.0,1096,0.64,1.33,0.43
UNIVERSITY HOSPITAL SOUTHAMPTON NHS FOUNDATION TRUST,RHM,ENGLAND,NHS,,11,3995,1,3919,98.1,3355,55,45.2,16.1,38.1,0.5,2614,3355,54.2,70.1,77.0,82.9,45.8,71.4,77.6,83.6,96.9,0.30,0.50,0.80,58.0,1.46,1.96,0.82,2825,95.1,0.00,0.10,0.20,92.1,2603,0.69,1.22,0.51
MID CHESHIRE HOSPITALS NHS FOUNDATION TRUST,RBT,ENGLAND,NHS,,14,2185,1,2105,96.3,2045,21,49.0,29.4,15.5,6.1,1573,2013,51.9,71.5,77.8,83.5,48.1,73.4,78.9,83.6,70.4,0.30,0.50,0.60,49.5,1.66,1.88,0.98,1703,85.4,0.00,0.00,0.20,60.2,1025,1.07,1.28,0.76
MID YORKSHIRE HOSPITALS NHS TRUST,RXF,ENGLAND,NHS,,15,1265,1,1261,99.7,1227,17,83.0,7.2,8.2,1.6,1037,1227,60.4,69.4,76.2,82.4,39.6,70.2,76.8,83.0,98.2,0.40,0.60,1.00,72.9,2.28,1.96,1.28,1028,83.1,0.00,0.10,0.30,82.0,843,0.95,1.33,0.64
CARDIFF & VALE UNIVERSITY LOCAL HEALTH BOARD,7A4,CYMRU,NHS,,16,1588,1,1477,93.0,1374,35,44.9,0.0,53.6,1.5,1232,1370,55.3,65.9,74.3,80.9,44.7,68.4,77.0,83.1,90.8,0.30,0.50,1.00,54.7,2.47,1.91,1.42,1157,38.8,0.00,0.10,0.20,34.4,,,,
EPSOM AND ST HELIER UNIVERSITY HOSPITALS NHS TRUST,RVR,ENGLAND,NHS,,17,2755,1,2728,99.0,2502,32,53.0,0.0,37.9,9.1,1981,2468,55.8,68.8,76.1,82.3,44.2,70.1,76.7,83.0,89.2,0.30,0.50,0.70,49.3,1.84,2.05,0.98,2063,77.6,0.00,0.10,0.20,69.5,1434,0.49,1.06,0.42
BARTS HEALTH NHS TRUST,R1H,ENGLAND,NHS,,18,2410,1,2324,96.4,2122,44,49.4,4.7,34.5,11.3,1744,2122,55.6,63.5,70.9,78.6,44.4,64.4,71.4,79.2,78.7,0.34,0.54,0.96,54.6,2.03,2.27,0.98,1771,72.3,0.00,0.10,0.23,55.5,,,,
FRIMLEY HEALTH NHS FOUNDATION TRUST,RDU,ENGLAND,NHS,,19,3365,1,3322,98.7,3124,33,62.5,16.1,18.0,3.5,2497,3114,53.1,70.6,76.8,82.4,46.9,72.4,77.4,82.8,93.0,0.30,0.40,0.60,43.9,0.61,1.63,0.41,2584,57.4,0.00,0.10,0.20,54.3,,,,
BRADFORD TEACHING HOSPITALS NHS FOUNDATION TRUST,RAE,ENGLAND,NHS,,20,990,1,987,99.7,906,28,82.0,0.0,13.0,5.0,726,894,59.3,66.6,74.9,81.7,40.7,67.7,75.7,82.1,78.1,0.30,0.60,0.90,67.9,3.20,2.04,1.73,730,72.5,0.00,0.10,0.30,56.4,,,,
UNIVERSITY HOSPITALS PLYMOUTH NHS TRUST,RK9,ENGLAND,NHS,,22,2170,1,2149,99.0,2029,21,54.6,18.0,26.6,0.8,1607,2029,53.5,69.4,76.0,82.2,46.5,71.9,77.1,82.6,86.0,0.30,0.50,0.70,55.0,0.79,1.84,0.47,1759,78.1,0.00,0.00,0.20,68.3,1202,0.92,1.26,0.65
UNIVERSITY HOSPITALS BIRMINGHAM NHS FOUNDATION TRUST,RRK,ENGLAND,NHS,,23,2920,1,2901,99.3,2611,54,75.5,0.0,22.9,1.6,2136,2607,53.5,68.2,76.0,82.6,46.5,69.6,77.2,83.3,90.8,0.30,0.60,1.00,66.2,1.57,1.99,0.87,2156,92.1,0.00,0.20,0.30,82.9,1788,0.78,1.32,0.54
HAMPSHIRE HOSPITALS NHS FOUNDATION TRUST,RN5,ENGLAND,NHS,,24,2980,1,2298,77.1,2270,28,83.6,7.9,5.6,3.0,1936,2270,54.7,70.8,76.7,82.3,45.3,72.2,78.0,83.7,79.8,0.30,0.46,0.60,36.0,1.10,1.40,0.86,1834,66.2,0.00,0.10,0.20,49.4,,,,
ROYAL CORNWALL HOSPITALS NHS TRUST,REF,ENGLAND,NHS,,25,2065,1,3956,100.0,3737,16,54.2,40.6,5.2,0.0,2803,3737,53.5,70.9,76.5,81.8,46.5,71.7,77.2,82.4,92.9,0.30,0.50,0.80,60.3,0.48,1.83,0.29,3030,56.1,0.00,0.10,0.20,51.7,,,,
MANCHESTER UNIVERSITY NHS FOUNDATION TRUST,R0A,ENGLAND,NHS,,26,3984.411,0.9287671,2103,52.8,2090,42,39.7,4.5,50.2,5.6,1657,2086,58.1,66.5,75.0,81.9,41.9,68.7,76.1,82.4,68.9,0.32,0.54,0.96,44.3,1.96,2.00,1.08,1656,37.4,0.04,0.16,0.36,27.8,,,,
KING'S COLLEGE HOSPITAL NHS FOUNDATION TRUST,RJZ,ENGLAND,NHS,,27,4800,1,4738,98.7,4144,74,67.5,1.8,29.4,1.3,3309,4136,54.8,67.2,75.4,82.2,45.2,68.6,76.6,83.1,97.2,0.30,0.50,0.80,57.8,1.64,1.84,0.98,3363,90.1,0.00,0.10,0.20,87.9,2957,0.61,1.20,0.45
THE SHREWSBURY AND TELFORD HOSPITAL NHS TRUST,RXW,ENGLAND,NHS,,28,2395,1,2329,97.2,2225,28,77.1,15.1,7.4,0.4,2112,2225,63.7,71.6,78.1,83.2,36.3,72.4,78.1,83.7,64.5,0.30,0.60,1.00,47.2,1.93,1.69,1.26,1784,53.8,0.00,0.10,0.30,37.1,,,,
THE HILLINGDON HOSPITALS NHS FOUNDATION TRUST,RAS,ENGLAND,NHS,,30,1140,1,1127,98.9,1042,24,53.6,9.5,22.2,14.8,888,1032,56.1,67.1,74.8,81.4,43.9,67.5,75.3,81.9,92.6,0.30,0.50,0.84,59.0,2.69,2.23,1.33,809,61.8,0.06,0.13,0.30,57.2,,,,
LIVERPOOL UNIVERSITY HOSPITALS NHS FOUNDATION TRUST,REM,ENGLAND,NHS,,31,2755,1,2665,96.7,1906,75,47.7,6.8,44.8,0.7,1761,1900,66.7,66.5,74.6,82.0,33.3,68.4,75.8,81.9,62.1,0.30,0.60,1.00,64.9,2.68,2.09,1.41,1381,90.4,0.00,0.20,0.30,56.8,,,,
ROYAL UNITED HOSPITALS BATH NHS FOUNDATION TRUST,RD1,ENGLAND,NHS,,32,1260,1,1273,100.0,1261,17,62.8,11.7,15.5,10.0,964,1245,56.9,72.0,78.3,83.4,43.1,73.5,79.4,84.2,88.7,0.30,0.50,0.74,51.5,1.82,1.91,1.05,1082,47.5,0.10,0.20,0.30,42.8,,,,
CHESTERFIELD ROYAL HOSPITAL NHS FOUNDATION TRUST,RFS,ENGLAND,NHS,,33,668.1096,0.9753425,684,100.0,665,8,100.0,0.0,0.0,0.0,566,665,59.1,71.5,77.4,83.0,40.9,73.8,79.2,84.6,83.3,0.50,0.60,1.30,63.0,1.05,1.85,0.63,546,93.8,0.10,0.20,0.30,78.8,430,0.47,1.26,0.33
MID AND SOUTH ESSEX NHS FOUNDATION TRUST,RAJ,ENGLAND,NHS,,34,4035,1,3422,84.8,2872,47,40.0,27.9,32.2,0.0,2412,2866,66.7,70.3,77.3,83.1,33.3,72.1,78.0,83.7,51.7,0.30,0.50,0.80,42.6,1.81,1.79,1.11,2360,20.6,0.08,0.22,0.52,12.3,,,,
HARROGATE AND DISTRICT NHS FOUNDATION TRUST,RCD,ENGLAND,NHS,,35,695,1,701,100.0,522,12,66.5,16.9,12.3,4.4,468,516,60.1,73.0,79.1,84.4,39.9,75.8,80.6,85.9,85.4,0.30,0.50,0.80,64.6,1.53,1.98,0.85,458,70.1,0.00,0.10,0.20,63.5,291,0.69,1.50,0.41
NORTH WEST ANGLIA NHS FOUNDATION TRUST,RGN,ENGLAND,NHS,,36,2275,1,2251,98.9,2033,25,79.8,4.4,15.4,0.3,1813,2031,56.4,70.0,76.8,83.1,43.6,71.2,77.6,83.5,90.9,0.40,0.52,0.90,63.1,1.62,1.98,0.90,1756,65.4,0.00,0.10,0.30,60.4,1061,1.04,1.40,0.67
ROYAL DEVON UNIVERSITY HEALTHCARE NHS FOUNDATION TRUST,RH8,ENGLAND,NHS,,37,1570,1,1567,99.8,1540,12,85.3,1.4,13.3,0.0,1179,1538,51.8,73.0,78.1,83.5,48.2,74.2,79.4,84.2,98.4,0.40,0.50,0.80,52.7,0.91,1.50,0.67,1274,83.0,0.00,0.10,0.20,82.0,1045,0.77,1.11,0.62
WIRRAL UNIVERSITY TEACHING HOSPITAL NHS FOUNDATION TRUST,RBL,ENGLAND,NHS,,39,1070,1,1050,98.1,895,16,85.3,0.0,14.7,0.0,726,895,58.1,69.5,77.2,83.2,41.9,70.5,77.6,83.5,88.4,0.30,0.50,0.80,62.7,1.01,1.63,0.68,749,90.4,0.00,0.10,0.20,80.2,601,0.67,1.24,0.48
SOUTH WARWICKSHIRE UNIVERSITY NHS FOUNDATION TRUST,RJC,ENGLAND,NHS,,40,1430,1,1418,99.2,1353,8,81.2,18.8,0.0,0.0,1214,1353,53.2,72.6,78.2,83.8,46.8,73.5,78.6,83.8,85.2,0.40,0.52,0.80,66.3,0.89,1.74,0.56,1130,73.7,0.00,0.10,0.20,66.0,746,0.27,1.42,0.17
ISLE OF WIGHT NHS TRUST,R1F,ENGLAND,NHS,,41,1755,1,1797,100.0,1755,9,69.7,27.4,1.0,1.8,1370,1755,60.5,71.1,76.9,82.1,39.5,71.4,77.1,82.6,86.1,0.20,0.30,0.60,51.5,1.37,1.44,1.05,1449,82.3,0.00,0.00,0.20,74.2,1075,1.58,1.81,0.79
ST HELENS AND KNOWSLEY TEACHING HOSPITALS NHS TRUST,RBN,ENGLAND,NHS,,42,1730,1,916,52.9,881,17,66.1,22.0,11.9,0.0,783,881,68.1,69.7,76.4,83.0,31.9,71.4,77.1,82.4,73.8,0.42,0.60,1.00,43.8,1.14,1.44,0.86,730,64.7,0.20,0.20,0.30,49.9,,,,
"WRIGHTINGTON, WIGAN AND LEIGH NHS FOUNDATION TRUST",RRF,ENGLAND,NHS,,43,650,1,640,98.5,509,8,97.4,0.4,2.2,0.0,462,509,63.3,71.1,77.3,82.6,36.7,71.2,78.1,82.8,95.3,0.34,0.60,0.90,57.4,0.79,1.85,0.47,447,86.1,0.02,0.14,0.32,81.4,364,0.82,0.96,0.77
WARRINGTON AND HALTON TEACHING HOSPITALS NHS FOUNDATION TRUST,RWW,ENGLAND,NHS,,44,1005,1,1005,100.0,781,13,79.6,0.0,19.2,1.2,684,781,58.4,68.5,76.6,83.1,41.6,71.1,77.1,83.0,65.0,0.33,0.54,0.90,58.0,1.02,1.44,0.78,601,99.2,0.00,0.08,0.20,58.4,,,,
SOUTH TEES HOSPITALS NHS FOUNDATION TRUST,RTR,ENGLAND,NHS,,45,1805,1,1578,87.4,1420,37,60.0,0.0,40.0,0.0,1218,1414,62.3,71.0,76.9,83.0,37.7,72.3,78.8,83.6,44.4,0.20,0.50,0.80,62.1,2.96,1.81,1.80,1148,42.5,0.00,0.20,0.30,24.8,,,,
UNIVERSITY HOSPITALS DORSET NHS FOUNDATION TRUST,R0D,ENGLAND,NHS,,46,4155,1,3723,89.6,3693,31,67.7,3.1,22.6,6.5,3064,3691,58.2,71.5,77.7,83.5,41.8,72.9,78.7,84.2,79.8,0.30,0.50,0.60,44.4,1.16,1.65,0.78,3115,48.6,0.00,0.00,0.20,41.1,,,,
"BARKING, HAVERING AND REDBRIDGE UNIVERSITY HOSPITALS NHS TRUST",RF4,ENGLAND,NHS,,47,1750,1,1684,96.2,1668,20,73.3,0.0,18.8,7.9,1449,1620,59.9,67.4,75.9,82.7,40.1,70.2,76.6,82.9,88.3,0.36,0.50,0.80,46.2,1.62,1.71,1.04,1385,60.2,0.00,0.10,0.20,55.5,,,,
ROYAL FREE LONDON NHS FOUNDATION TRUST,RAL,ENGLAND,NHS,,48,3170,1,3200,100.0,3056,49,57.5,5.3,25.8,11.4,2392,3050,60.5,66.5,73.9,81.1,39.5,67.3,74.8,81.5,70.4,0.30,0.50,0.80,43.9,2.32,1.87,1.36,2473,77.4,0.00,0.10,0.20,65.1,1611,0.81,0.97,0.75
UNIVERSITY HOSPITALS COVENTRY AND WARWICKSHIRE NHS TRUST,RKB,ENGLAND,NHS,,49,2295,1,2254,98.2,1969,53,57.6,24.1,13.7,4.6,1688,1967,57.0,67.7,75.9,82.5,43.0,70.1,76.9,82.9,83.3,0.30,0.50,0.90,80.9,1.52,2.15,0.78,1761,87.2,0.00,0.10,0.20,73.4,1292,0.31,1.54,0.18
BARNSLEY HOSPITAL NHS FOUNDATION TRUST,RFF,ENGLAND,NHS,,50,1340,1,266,19.9,266,9,99.6,0.0,0.4,0.0,266,266,97.0,71.0,76.0,81.0,3.0,68.5,73.0,76.0,13.5,0.20,0.30,0.45,81.6,0.00,1.91,0.00,256,97.7,0.00,0.00,0.20,13.3,,,,
SALISBURY NHS FOUNDATION TRUST,RNZ,ENGLAND,NHS,,51,905,1,899,99.3,623,10,77.0,0.2,22.8,0.0,507,621,50.6,72.8,78.8,84.1,49.4,75.3,80.7,85.9,88.3,0.40,0.50,0.84,73.8,1.61,1.93,0.91,482,91.1,0.02,0.10,0.30,80.5,388,0.00,1.58,0.00
NOTTINGHAM UNIVERSITY HOSPITALS NHS TRUST,RX1,ENGLAND,NHS,,55,4180,1,3831,91.7,3476,45,65.9,6.8,27.1,0.1,2975,3476,59.5,68.6,76.2,82.5,40.5,69.3,76.7,82.9,81.0,0.32,0.52,0.80,58.0,1.04,2.11,0.54,3044,87.5,0.00,0.14,0.20,71.5,2177,0.64,1.03,0.56
YEOVIL DISTRICT HOSPITAL NHS FOUNDATION TRUST,RA4,ENGLAND,NHS,,56,1200,1,1193,99.4,1126,11,86.8,13.2,0.0,0.0,912,1124,59.5,72.8,77.6,83.1,40.5,72.6,78.8,83.8,100.0,0.34,0.52,0.82,48.7,1.42,1.45,1.08,890,94.7,0.00,0.06,0.16,94.7,843,0.12,0.94,0.11
SPAMEDICA - MANCHESTER,NPG,ENGLAND,NHS - ISTC,Manchester,57,5610,1,5655,100.0,5632,33,100.0,0.0,0.0,0.0,4287,5632,58.7,67.1,74.2,80.1,41.3,68.1,75.2,80.9,97.2,0.40,0.50,0.70,32.2,0.80,1.22,0.72,4691,85.0,0.00,0.10,0.20,83.3,3908,0.49,0.76,0.58
SPAMEDICA - WAKEFIELD,NPG,ENGLAND,NHS - ISTC,Wakefield,58,5515,1,5518,100.0,5518,22,100.0,0.0,0.0,0.0,4004,5518,56.4,69.7,75.2,80.6,43.6,70.9,75.8,81.2,99.1,0.20,0.40,0.60,22.0,0.24,1.05,0.25,4522,82.5,0.00,0.00,0.10,81.9,3702,0.38,0.83,0.41
EAST SUSSEX HEALTHCARE NHS TRUST,RXC,ENGLAND,NHS,,59,3415,1,4060,100.0,3843,21,89.7,7.1,2.4,0.7,3009,3843,55.1,71.9,77.2,83.0,44.9,72.8,78.5,84.3,84.9,0.30,0.50,0.70,51.3,0.68,1.59,0.47,3244,70.6,0.00,0.10,0.20,61.8,2006,0.40,1.12,0.32
IMPERIAL COLLEGE HEALTHCARE NHS TRUST,RYJ,ENGLAND,NHS,,60,3165,1,3125,98.7,2561,78,42.1,0.7,39.9,17.3,1985,2557,56.4,65.5,72.6,79.2,43.6,65.8,73.1,79.0,92.2,0.30,0.50,0.90,56.6,2.97,2.58,1.27,2301,86.8,0.00,0.10,0.20,81.1,1866,0.86,1.00,0.77
PORTSMOUTH HOSPITALS UNIVERSITY NHS TRUST,RHU,ENGLAND,NHS,,61,2180,1,2089,95.8,1936,31,72.5,2.7,22.9,1.9,1459,1934,54.9,68.9,76.4,82.4,45.1,69.9,76.8,82.2,96.2,0.30,0.50,0.80,49.0,1.14,1.58,0.79,1575,89.8,0.00,0.10,0.20,86.3,1360,0.66,0.94,0.63
CAMBRIDGE UNIVERSITY HOSPITALS NHS FOUNDATION TRUST,RGT,ENGLAND,NHS,,63,2485,1,2440,98.2,2437,43,51.8,5.1,42.1,1.0,2112,2437,61.4,68.1,76.0,82.2,38.6,71.4,78.4,84.0,68.6,0.30,0.48,0.80,19.2,0.62,1.60,0.42,2070,76.1,0.00,0.07,0.18,52.8,,,,
EAST KENT HOSPITALS UNIVERSITY NHS FOUNDATION TRUST,RVV,ENGLAND,NHS,,64,2405,1,1499,62.3,1134,30,64.6,28.7,6.7,0.0,913,1116,66.7,69.6,75.7,81.9,33.3,71.0,75.3,81.4,89.6,0.30,0.48,0.78,52.1,1.41,2.09,0.74,836,59.2,0.00,0.10,0.20,54.7,,,,
EAST SUFFOLK AND NORTH ESSEX NHS FOUNDATION TRUST,RDE,ENGLAND,NHS,,65,6660,1,5757,86.4,4778,40,47.7,3.7,43.4,5.1,4135,4778,61.0,71.3,77.2,82.9,39.0,72.7,78.0,83.7,82.9,0.30,0.50,0.80,53.0,1.42,2.00,0.78,3966,73.8,0.00,0.10,0.20,60.1,2382,1.34,1.23,0.98
SPAMEDICA - BIRKENHEAD,NPG,ENGLAND,NHS - ISTC,Birkenhead,66,3960,1,4314,100.0,4311,19,100.0,0.0,0.0,0.0,3160,4311,56.5,71.3,76.8,82.0,43.5,72.0,77.4,82.4,99.5,0.30,0.40,0.60,32.6,0.26,1.13,0.25,3507,92.9,0.00,0.00,0.10,92.4,3240,0.28,1.01,0.25
COUNTY DURHAM AND DARLINGTON NHS FOUNDATION TRUST,RXP,ENGLAND,NHS,,67,1365,1,1342,98.3,1182,25,49.1,29.4,18.0,3.5,1010,1182,55.9,70.4,77.0,83.2,44.1,71.1,77.7,83.0,86.5,0.30,0.50,0.80,58.0,2.20,1.86,1.30,961,65.3,0.00,0.20,0.30,58.7,,,,
UNITED LINCOLNSHIRE HOSPITALS NHS TRUST,RWD,ENGLAND,NHS,,68,1415,1,1343,94.9,1281,24,81.8,5.8,10.2,2.2,1139,1279,76.3,72.4,78.2,83.6,23.7,71.7,78.3,83.7,86.8,0.40,0.60,0.94,55.3,1.17,1.59,0.81,1147,62.1,0.07,0.14,0.30,53.4,,,,
NORTHAMPTON GENERAL HOSPITAL NHS TRUST,RNS,ENGLAND,NHS,,70,2280,1,2105,92.3,2092,26,44.3,0.0,54.0,1.7,1839,2090,58.5,69.0,76.0,82.0,41.5,71.0,77.0,83.0,40.9,0.30,0.48,0.69,30.7,1.39,1.90,0.80,1740,28.6,0.00,0.18,0.18,13.6,,,,
SPAMEDICA - LIVERPOOL,NPG,ENGLAND,NHS - ISTC,Liverpool,71,3330.794,0.9753425,3428,100.0,3422,20,100.0,0.0,0.0,0.0,2562,3422,55.2,68.6,74.8,81.0,44.8,70.0,75.8,81.8,98.7,0.30,0.40,0.70,26.9,0.29,1.20,0.27,2904,91.2,0.00,0.10,0.10,90.1,2616,0.19,0.75,0.23
JAMES PAGET UNIVERSITY HOSPITALS NHS FOUNDATION TRUST,RGP,ENGLAND,NHS,,72,2105,1,2051,97.4,2008,19,77.9,4.6,15.6,1.8,1659,1998,62.9,71.8,77.4,83.0,37.1,72.5,78.7,84.0,86.0,0.30,0.50,0.80,38.7,1.00,1.48,0.74,1699,78.9,0.00,0.10,0.10,70.2,1193,0.59,0.93,0.57
BOLTON NHS FOUNDATION TRUST,RMC,ENGLAND,NHS,,73,1705,1,1697,99.5,1501,22,42.9,40.2,9.4,7.5,1180,1501,55.6,68.6,75.8,81.5,44.4,68.4,76.3,81.4,96.9,0.30,0.48,0.78,57.4,1.73,2.11,0.90,1235,62.3,0.00,0.18,0.20,61.1,754,1.06,1.51,0.63
KINGSTON HOSPITAL NHS FOUNDATION TRUST,RAX,ENGLAND,NHS,,74,2400,1,2153,89.7,2121,25,81.7,1.6,13.3,3.3,1902,2113,69.6,68.8,75.7,82.2,30.4,68.7,76.0,82.4,32.1,0.30,0.48,0.78,52.8,1.37,1.65,0.91,1757,37.5,0.00,0.00,0.18,16.8,,,,
TORBAY AND SOUTH DEVON NHS FOUNDATION TRUST,RA9,ENGLAND,NHS,,77,2080,1,2062,99.1,1951,24,67.2,4.6,25.9,2.3,1630,1951,59.3,71.5,77.5,83.5,40.7,72.0,78.0,83.6,76.1,0.30,0.50,0.80,56.9,1.13,1.83,0.68,1613,48.7,0.00,0.20,0.24,39.2,,,,
GREAT WESTERN HOSPITALS NHS FOUNDATION TRUST,RN3,ENGLAND,NHS,,78,1550,1,1386,89.4,1266,13,94.9,0.1,1.6,3.5,1048,1252,51.4,67.4,75.6,81.3,48.6,69.2,76.6,82.7,95.7,0.30,0.48,0.80,72.1,1.03,1.52,0.74,1093,86.1,0.02,0.10,0.24,83.2,909,0.55,1.55,0.32
SPAMEDICA - BOLTON,NPG,ENGLAND,NHS - ISTC,Bolton,79,5455,1,5649,100.0,5644,31,100.0,0.0,0.0,0.0,4121,5644,57.4,68.5,75.0,80.4,42.6,69.5,75.6,81.0,99.2,0.30,0.40,0.60,22.4,0.50,1.07,0.51,4557,91.5,0.00,0.00,0.10,91.0,4149,0.14,0.80,0.16
THE PRINCESS ALEXANDRA HOSPITAL NHS TRUST,RQW,ENGLAND,NHS,,80,281.1233,0.9068493,300,100.0,253,8,83.4,2.8,13.8,0.0,237,251,76.1,67.5,75.5,82.3,23.9,68.8,77.9,84.1,92.9,0.44,0.70,1.42,55.3,2.37,1.67,1.56,172,93.0,0.00,0.07,0.20,89.5,154,0.00,0.86,0.00
CWM TAF MORGANNWG UNIVERSITY LOCAL HEALTH BOARD,7A5,CYMRU,NHS,,82,1834,1,695,37.9,692,14,67.5,9.1,23.4,0.0,657,686,74.2,68.6,75.4,81.8,25.8,68.2,75.8,82.1,90.2,0.50,0.80,1.60,72.3,1.45,2.38,0.67,574,71.4,0.00,0.10,0.30,63.8,366,1.37,1.03,1.19
SHERWOOD FOREST HOSPITALS NHS FOUNDATION TRUST,RK5,ENGLAND,NHS,,83,1515,1,1468,96.9,1454,17,80.2,18.9,0.0,0.9,1289,1450,66.5,72.2,77.7,83.5,33.5,72.6,78.0,83.8,63.3,0.40,0.60,0.96,43.4,1.10,1.52,0.80,1156,59.1,0.08,0.16,0.26,36.2,,,,
SOUTHPORT AND ORMSKIRK HOSPITAL NHS TRUST,RVY,ENGLAND,NHS,,86,530,1,522,98.5,507,7,57.6,41.0,0.0,1.4,380,507,57.4,71.1,77.2,82.7,42.6,73.1,77.8,83.2,99.2,0.30,0.50,0.80,40.6,0.59,1.64,0.40,416,82.2,0.00,0.20,0.20,81.7,340,1.18,0.91,1.16
"PRACTICE PLUS GROUP HOSPITAL, SHEPTON MALLET",NTP,ENGLAND,NHS - ISTC,Shepton Mallet,88,1280,1,1478,100.0,1469,8,100.0,0.0,0.0,0.0,1051,1469,55.8,72.9,77.6,82.3,44.2,73.5,78.3,82.9,96.7,0.20,0.30,0.50,33.5,0.54,1.38,0.44,1243,96.3,0.00,0.00,0.10,92.6,1151,0.70,0.85,0.74
"PRACTICE PLUS GROUP SURGICAL CENTRE, ST. MARY'S PORTSMOUTH",NTP,ENGLAND,NHS - ISTC,Portsmouth,89,3230,1,3335,100.0,3332,8,100.0,0.0,0.0,0.0,2253,3332,53.8,71.1,77.1,82.4,46.2,71.7,77.2,82.2,98.9,0.20,0.40,0.60,18.8,0.66,1.13,0.64,2722,60.4,0.00,0.10,0.10,59.9,,,,
"PRACTICE PLUS GROUP HOSPITAL, EMERSONS GREEN",NTP,ENGLAND,NHS - ISTC,Emersons Green,90,845,1,2446,100.0,2438,5,100.0,0.0,0.0,0.0,2202,2438,61.2,71.5,76.8,81.8,38.8,72.2,77.3,82.8,98.1,0.40,0.50,0.90,57.8,0.45,1.95,0.25,2000,46.5,0.00,0.10,0.20,44.5,,,,
"PRACTICE PLUS GROUP SURGICAL CENTRE, GILLINGHAM",NTP,ENGLAND,NHS - ISTC,Gillingham,91,1485,1,1572,100.0,1572,13,100.0,0.0,0.0,0.0,1323,1558,58.3,68.6,75.9,81.6,41.7,69.3,76.3,82.3,72.7,0.30,0.40,0.60,27.5,0.89,1.33,0.73,1270,67.2,0.00,0.10,0.20,56.7,,,,
SPAMEDICA - SHEFFIELD,NPG,ENGLAND,NHS - ISTC,Sheffield,92,6035,1,6138,100.0,6129,24,100.0,0.0,0.0,0.0,4604,6129,59.7,69.0,75.2,80.7,40.3,70.4,76.2,81.6,98.9,0.30,0.50,0.70,49.6,0.39,1.31,0.33,5067,79.4,0.00,0.10,0.20,78.8,3992,0.43,1.14,0.34
"PRACTICE PLUS GROUP HOSPITAL, PLYMOUTH",NTP,ENGLAND,NHS - ISTC,Plymouth,93,1872.657,0.9753425,2100,100.0,2098,2,100.0,0.0,0.0,0.0,1591,2098,57.0,71.9,76.9,82.5,43.0,71.9,76.9,82.4,59.5,0.50,0.50,0.80,29.1,0.14,1.14,0.14,1745,12.8,0.10,0.20,0.30,9.3,,,,
"PRACTICE PLUS GROUP OPHTHALMOLOGY, ROCHDALE",NTP,ENGLAND,NHS - ISTC,Rochdale,95,1285,1,1371,100.0,1369,6,100.0,0.0,0.0,0.0,1076,1369,56.0,69.1,75.0,81.0,44.0,69.6,76.1,81.6,99.4,0.30,0.40,0.60,47.9,0.51,1.49,0.38,1118,68.2,0.00,0.10,0.20,67.9,759,0.53,0.95,0.50
"PRACTICE PLUS GROUP HOSPITAL, ILFORD",NTP,ENGLAND,NHS - ISTC,Ilford,97,940,1,959,100.0,959,6,100.0,0.0,0.0,0.0,787,957,60.0,65.7,72.8,80.6,40.0,67.5,74.7,81.0,90.2,0.30,0.40,0.80,18.4,1.36,1.16,1.28,777,42.6,0.00,0.10,0.10,39.9,,,,
NORTH MIDDLESEX UNIVERSITY HOSPITAL NHS TRUST,RAP,ENGLAND,NHS,,98,1025,1,1018,99.3,1012,15,77.9,1.5,12.4,8.3,839,1012,59.6,65.2,73.1,80.0,40.4,66.9,73.5,80.4,90.4,0.30,0.54,1.00,47.8,2.47,1.74,1.57,891,97.3,0.00,0.10,0.20,88.8,791,0.63,1.06,0.54
UNIVERSITY HOSPITALS SUSSEX NHS FOUNDATION TRUST,RYR,ENGLAND,NHS,,99,8045,1,2237,27.8,2039,32,38.6,20.3,41.1,0.0,1829,2025,56.6,67.4,75.3,82.5,43.4,69.8,76.4,83.0,88.1,0.30,0.50,0.80,48.1,1.81,1.77,1.13,1674,5.3,0.10,0.22,0.60,4.9,,,,
"PRACTICE PLUS GROUP SURGICAL CENTRE, DEVIZES",NTP,ENGLAND,NHS - ISTC,Devizes,100,346.2466,0.9753425,371,100.0,371,1,100.0,0.0,0.0,0.0,314,371,58.8,68.9,76.6,82.6,41.2,73.0,78.2,82.5,65.5,0.30,0.50,0.60,57.7,0.00,2.10,0.00,272,93.0,0.10,0.10,0.20,66.5,181,0.55,0.71,0.70
SURREY AND SUSSEX HEALTHCARE NHS TRUST,RTP,ENGLAND,NHS,,101,2085,1,2081,99.8,1976,24,76.0,4.7,12.3,7.0,1524,1970,61.4,68.5,76.6,82.9,38.6,70.2,77.2,83.2,98.1,0.30,0.50,0.80,47.6,2.02,1.51,1.48,1639,46.1,0.10,0.20,0.30,45.6,,,,
"PRACTICE PLUS GROUP HOSPITAL, SOUTHAMPTON",NTP,ENGLAND,NHS - ISTC,Southampton,103,1375,1,1393,100.0,1390,4,100.0,0.0,0.0,0.0,1062,1386,56.6,69.8,75.1,80.6,43.4,71.1,76.6,82.1,33.6,0.30,0.50,0.60,6.1,0.94,1.05,0.98,1215,30.3,0.00,0.10,0.20,20.9,,,,
SPAMEDICA - BIRMINGHAM,NPG,ENGLAND,NHS - ISTC,Birmingham,104,5640,1,5646,100.0,5644,22,100.0,0.0,0.0,0.0,4192,5644,58.3,68.6,74.7,80.4,41.7,69.7,75.8,81.3,99.1,0.30,0.40,0.70,47.1,0.19,1.29,0.17,4595,87.1,0.00,0.10,0.10,86.4,3970,0.18,1.14,0.14
ST. STEPHENS GATE MEDICAL PRACTICE,NPC,ENGLAND,NHS - ISTC,St Stephens Gate,105,,1,200,,200,2,100.0,0.0,0.0,0.0,176,200,62.0,70.0,76.0,81.0,38.0,70.0,75.5,81.0,99.5,0.26,0.30,0.48,45.0,0.00,1.50,0.00,200,37.0,0.00,0.00,0.10,37.0,,,,
THE DUDLEY GROUP NHS FOUNDATION TRUST,RNA,ENGLAND,NHS,,106,675,1,581,86.1,577,21,66.6,12.0,19.2,2.3,532,577,68.1,70.5,78.1,83.4,31.9,70.3,77.3,82.9,56.2,0.40,0.60,1.00,53.2,3.47,1.84,2.07,466,66.7,0.10,0.20,0.30,37.3,,,,
EAST CHESHIRE NHS TRUST,RJN,ENGLAND,NHS,,108,1335,1,1107,82.9,1018,5,87.8,12.2,0.0,0.0,799,1018,63.9,70.8,77.4,83.5,36.1,72.2,77.7,83.3,91.5,0.20,0.40,0.60,37.7,0.69,1.29,0.59,865,65.2,0.00,0.10,0.20,59.7,,,,
GUY'S AND ST THOMAS' NHS FOUNDATION TRUST,RJ1,ENGLAND,NHS,,110,2800,1,1815,64.8,1715,42,54.4,6.6,39.0,0.0,1386,1651,61.5,62.6,71.4,78.2,38.5,64.3,71.9,78.3,87.7,0.34,0.60,1.00,47.8,2.10,2.29,1.01,1429,87.1,0.00,0.04,0.17,78.7,1124,0.09,0.89,0.09
BUCKINGHAMSHIRE HEALTHCARE NHS TRUST,RXQ,ENGLAND,NHS,,111,5395,1,5210,96.6,4952,40,39.4,12.0,48.6,0.0,3579,4948,54.3,70.9,77.4,83.4,45.7,71.8,77.8,83.4,69.8,0.30,0.42,0.60,40.2,0.89,1.88,0.52,4314,13.6,0.08,0.18,0.34,10.5,,,,
SPAMEDICA - BRADFORD,NPG,ENGLAND,NHS - ISTC,Bradford,112,3235,1,3239,100.0,3236,23,100.0,0.0,0.0,0.0,2382,3236,62.0,68.0,74.5,80.4,38.0,69.3,75.4,81.2,98.7,0.30,0.40,0.60,36.1,0.68,1.07,0.70,2645,81.4,0.00,0.00,0.10,80.3,2123,0.38,1.03,0.33
SPAMEDICA - WEST LANCASHIRE,NPG,ENGLAND,NHS - ISTC,West Lancashire,113,1430,1,1435,100.0,1433,18,100.0,0.0,0.0,0.0,1049,1433,54.8,70.2,76.1,81.3,45.2,71.4,77.1,81.7,99.2,0.30,0.40,0.70,29.5,0.49,1.10,0.49,1177,92.4,0.00,0.00,0.10,91.5,1077,0.37,0.86,0.39
SOMERSET NHS FOUNDATION TRUST,RH5,ENGLAND,NHS,,114,2165,1,2177,100.0,2071,22,72.8,0.1,23.9,3.1,1909,2067,67.1,70.6,76.9,82.7,32.9,72.2,78.0,83.5,78.1,0.30,0.50,0.80,44.8,0.68,1.55,0.48,1821,88.9,0.00,0.10,0.20,69.6,1268,0.24,1.02,0.21
MEDICAL SPECIALISTS GROUP GUERNSEY,MEDICAL SPECIALISTS GROUP GUERNSEY,GUERNSEY,GUERNSEY,,115,,1,535,,534,6,100.0,0.0,0.0,0.0,400,534,59.4,69.8,75.3,82.1,40.6,70.7,76.3,82.5,95.1,0.30,0.40,0.70,48.7,0.94,1.31,0.79,455,75.8,0.00,0.04,0.10,71.9,327,0.92,1.23,0.67
GEORGE ELIOT HOSPITAL NHS TRUST,RLT,ENGLAND,NHS,,117,1215,1,1207,99.3,1206,6,100.0,0.0,0.0,0.0,1023,1206,52.7,71.9,78.1,82.9,47.3,72.4,78.2,82.8,93.9,0.30,0.50,0.70,49.2,1.91,1.69,1.24,1038,97.2,0.00,0.10,0.20,90.8,943,1.06,0.87,1.10
SPAMEDICA - NEWCASTLE UNDER LYME,NPG,ENGLAND,NHS - ISTC,Newcastle-Under-Lyme,118,3910,1,4150,100.0,4142,24,100.0,0.0,0.0,0.0,2996,4142,60.3,69.5,75.4,81.1,39.7,70.2,75.6,81.2,97.4,0.30,0.40,0.60,56.2,0.34,1.19,0.31,3266,92.0,0.00,0.00,0.10,90.6,2960,0.24,1.37,0.16
SPAMEDICA - WIDNES,NPG,ENGLAND,NHS - ISTC,Widnes,119,3205,1,3293,100.0,3293,24,100.0,0.0,0.0,0.0,2401,3293,57.5,69.2,74.9,80.7,42.5,70.0,75.6,81.1,99.2,0.30,0.40,0.60,35.4,0.39,1.23,0.35,2644,86.2,0.00,0.00,0.10,85.6,2263,0.27,0.93,0.26
KETTERING GENERAL HOSPITAL NHS FOUNDATION TRUST,RNQ,ENGLAND,NHS,,120,625,1,542,86.7,542,14,99.3,0.2,0.2,0.4,518,540,82.2,68.6,75.0,82.1,17.8,69.1,75.9,80.7,64.8,0.30,0.50,0.80,9.4,0.74,1.07,0.76,491,10.0,,,,6.5,,,,
SPAMEDICA - CHELMSFORD,NPG,ENGLAND,NHS - ISTC,Chelmsford,121,5800,1,5756,99.2,5728,22,100.0,0.0,0.0,0.0,4530,5728,59.3,69.7,75.8,81.7,40.7,70.4,76.7,82.3,98.9,0.30,0.50,0.70,36.7,0.33,1.15,0.32,4776,83.1,0.00,0.00,0.10,82.3,3933,0.25,0.93,0.25
NEWMEDICA (TEESSIDE),ACG,ENGLAND,NHS - ISTC & PRIVATE,Teesside,124,5022.452,0.7479452,5051,100.0,5051,13,100.0,0.0,0.0,0.0,3350,5051,66.3,68.9,75.0,80.8,33.7,69.7,75.1,81.0,0.0,,,,0.0,0.30,1.00,0.33,4098,0.0,,,,0.0,,,,
SPAMEDICA - PRESTON,NPG,ENGLAND,NHS - ISTC,Preston,125,4130,1,4264,100.0,4258,35,100.0,0.0,0.0,0.0,3127,4258,56.9,69.4,75.4,80.8,43.1,71.2,76.9,81.5,99.0,0.30,0.40,0.60,37.9,0.42,1.11,0.42,3549,88.7,0.00,0.00,0.10,88.1,3126,0.32,0.94,0.31
NEWMEDICA (GLOUCESTER - ASPEN),ACG,ENGLAND,NHS - ISTC & PRIVATE,Gloucester - Aspen,126,1280,1,1319,100.0,1319,10,100.0,0.0,0.0,0.0,1232,1319,60.4,70.9,76.3,81.5,39.6,71.6,77.9,82.9,94.5,0.30,0.40,0.60,22.0,0.15,1.14,0.15,1089,69.1,0.00,0.00,0.10,67.5,735,0.54,0.70,0.70
SPAMEDICA - WOLVERHAMPTON,NPG,ENGLAND,NHS - ISTC,Wolverhampton,127,5695,1,5674,99.6,5648,17,100.0,0.0,0.0,0.0,4277,5648,62.9,69.6,76.0,81.6,37.1,71.3,77.0,82.4,98.1,0.30,0.50,0.70,62.8,0.14,1.53,0.10,4670,85.8,0.00,0.00,0.10,84.3,3936,0.20,1.52,0.12
CHEC (BLACKPOOL),T040,ENGLAND,NHS - ISTC,Blackpool,128,,1,2792,,2792,19,59.7,40.3,0.0,0.0,1940,2568,63.0,70.0,75.0,81.0,37.0,71.0,76.0,81.0,93.3,0.18,0.30,0.48,14.0,0.75,1.31,0.63,2431,64.0,0.00,0.00,0.18,60.8,1478,0.34,0.90,0.34
CHEC (ATRIA WATFORD),T040,ENGLAND,NHS - ISTC,Atria Watford,129,,1,4886,,4886,13,99.2,0.8,0.0,0.0,3444,4490,64.6,69.0,75.0,82.0,35.4,70.0,76.0,82.0,85.4,0.30,0.30,0.48,14.0,0.33,1.07,0.34,4121,54.5,0.00,0.18,0.18,47.0,,,,
SPAMEDICA - HULL,NPG,ENGLAND,NHS - ISTC,Hull,130,3635,1,3642,100.0,3642,15,100.0,0.0,0.0,0.0,2563,3642,56.0,70.6,75.6,80.7,44.0,71.7,76.5,81.4,99.3,0.20,0.30,0.60,13.0,0.85,1.05,0.90,3014,89.0,0.00,0.00,0.10,88.5,2666,0.30,0.76,0.36
OPTEGRA EYE HEALTH CARE (MANCHESTER EYE HOSPITAL),NNH,ENGLAND,NHS - ISTC,Manchester,131,5445,1,5485,100.0,5434,12,100.0,0.0,0.0,0.0,3903,5434,57.3,69.4,75.7,81.2,42.7,70.7,76.3,81.9,98.7,0.30,0.40,0.60,28.0,0.22,1.22,0.20,3946,51.6,0.00,0.00,0.10,51.0,,,,
NEWMEDICA (GRIMSBY),ACG,ENGLAND,NHS - ISTC & PRIVATE,Grimsby,132,2285,1,2362,100.0,2362,9,100.0,0.0,0.0,0.0,1728,2362,61.8,69.6,75.6,81.2,38.2,70.8,76.6,81.7,62.2,0.30,0.40,0.50,9.9,0.04,1.05,0.04,1934,0.0,,,,0.0,,,,
NEWMEDICA (BRISTOL),ACG,ENGLAND,NHS - ISTC & PRIVATE,Bristol,133,2620,1,3249,100.0,3248,16,100.0,0.0,0.0,0.0,2785,3248,64.8,69.3,75.8,81.6,35.2,70.7,76.4,82.2,70.8,0.30,0.48,0.70,23.4,0.43,1.13,0.42,2652,6.3,0.00,0.00,0.10,6.0,,,,
OPTEGRA EYE HEALTH CARE (YORKSHIRE EYE HOSPITAL),NNH,ENGLAND,NHS - ISTC,Leeds,134,2220,1,2996,100.0,2932,7,100.0,0.0,0.0,0.0,2141,2932,52.5,68.6,75.4,81.5,47.5,69.9,76.4,82.1,96.1,0.16,0.30,0.56,34.7,0.38,1.24,0.33,2349,62.0,0.00,0.04,0.14,59.8,,,,
WORCESTERSHIRE ACUTE HOSPITALS NHS TRUST,RWP,ENGLAND,NHS,,135,3360,1,2326,69.2,2198,13,94.9,5.1,0.0,0.0,1841,2174,65.3,72.0,78.2,83.6,34.7,72.8,78.2,83.4,78.3,0.18,0.48,0.60,37.4,0.45,1.43,0.35,2198,27.3,0.00,0.18,0.30,22.7,,,,
CHEC (STOKE),T040,ENGLAND,NHS - ISTC,Stoke,136,,1,3066,,3066,18,40.3,59.7,0.0,0.0,2191,3018,64.9,70.0,76.0,81.0,35.1,71.0,77.0,82.0,93.1,0.30,0.30,0.48,11.4,0.13,1.51,0.10,2533,23.2,0.00,0.00,0.18,22.7,,,,
SPAMEDICA - BEDFORD,NPG,ENGLAND,NHS - ISTC,Bedford,137,4125,1,4147,100.0,4145,29,100.0,0.0,0.0,0.0,3094,4145,57.6,68.9,74.6,80.3,42.4,70.2,75.6,81.1,99.1,0.30,0.40,0.60,38.6,0.29,1.27,0.25,3409,87.9,0.00,0.00,0.10,87.3,2977,0.10,0.85,0.11
NEWMEDICA (LEEDS),ACG,ENGLAND,NHS - ISTC & PRIVATE,Leeds,138,3020,1,3085,100.0,3065,8,100.0,0.0,0.0,0.0,2057,3065,58.3,69.4,75.7,81.4,41.7,69.8,75.9,81.2,81.9,0.30,0.40,0.60,35.5,0.36,1.27,0.31,2451,0.0,,,,0.0,,,,
OPTEGRA EYE HEALTH CARE (SURREY EYE HOSPITAL),NNH,ENGLAND,NHS - ISTC,Surrey,139,2380,1,4115,100.0,4083,16,100.0,0.0,0.0,0.0,2982,4083,50.6,70.5,76.3,81.5,49.4,70.2,76.6,82.0,97.3,0.20,0.30,0.50,22.9,0.32,1.20,0.29,3214,65.8,0.00,0.00,0.10,64.7,2081,0.43,0.99,0.40
SPAMEDICA - COVENTRY,NPG,ENGLAND,NHS - ISTC,Coventry,140,4145,1,4152,100.0,4144,22,100.0,0.0,0.0,0.0,3186,4144,59.0,69.9,76.3,81.3,41.0,70.6,76.7,81.7,99.5,0.30,0.40,0.60,54.8,0.27,1.30,0.22,3276,87.7,0.00,0.00,0.10,87.3,2860,0.38,1.22,0.28
OPTEGRA EYE HEALTH CARE (HAMPSHIRE EYE HOSPITAL),NNH,ENGLAND,NHS - ISTC,Hampshire,141,2685,1,4182,100.0,4150,13,100.0,0.0,0.0,0.0,3105,4150,54.4,71.5,76.6,81.9,45.6,71.8,77.1,82.4,99.1,0.30,0.42,0.62,27.6,0.29,1.24,0.26,3561,58.5,0.00,0.00,0.10,58.2,,,,
OPTEGRA EYE HEALTH CARE (NORTH LONDON EYE HOSPITAL),NNH,ENGLAND,NHS - ISTC,North London,142,,1,1679,,1664,4,100.0,0.0,0.0,0.0,1423,1664,55.7,65.3,71.8,77.7,44.3,67.7,73.5,78.5,96.7,0.20,0.30,0.50,29.0,0.36,1.24,0.32,1134,66.8,0.00,0.00,0.10,64.2,728,0.69,0.85,0.72
OPTEGRA EYE HEALTH CARE (BIRMINGHAM EYE HOSPITAL),NNH,ENGLAND,NHS - ISTC,Birmingham,143,2480,1,1925,77.6,1922,6,100.0,0.0,0.0,0.0,1574,1920,57.6,66.7,74.4,80.1,42.4,69.2,75.9,81.7,97.5,0.30,0.54,0.80,20.8,0.42,1.16,0.39,1238,52.3,0.00,0.02,0.10,51.1,,,,
NEWMEDICA (IPSWICH),ACG,ENGLAND,NHS - ISTC & PRIVATE,Ipswich,144,3320,1,4153,100.0,4153,9,100.0,0.0,0.0,0.0,3218,4153,73.9,71.5,76.9,82.3,26.1,71.6,77.2,82.6,0.0,,,,0.0,0.26,1.03,0.28,3325,0.0,,,,0.0,,,,
NEWMEDICA (BARLBOROUGH),ACG,ENGLAND,NHS - ISTC & PRIVATE,Barlborough,145,3005,1,3241,100.0,3241,7,100.0,0.0,0.0,0.0,2639,3241,59.8,70.8,76.6,82.0,40.2,71.3,76.4,82.2,80.3,0.40,0.50,0.80,25.9,0.43,1.12,0.43,2529,0.8,,,,0.7,,,,
NEWMEDICA (EXETER),ACG,ENGLAND,NHS - ISTC,Exeter,146,1690.685,0.9041096,1742,100.0,1742,4,100.0,0.0,0.0,0.0,1480,1742,84.6,71.3,76.6,82.3,15.4,73.1,77.8,82.2,46.3,0.40,0.50,0.60,23.8,0.11,1.40,0.09,1344,29.3,0.00,0.00,0.10,28.5,,,,
SPAMEDICA - DERBY,NPG,ENGLAND,NHS - ISTC,Derby,147,3830,1,3828,99.9,3828,15,100.0,0.0,0.0,0.0,3273,3828,68.5,70.9,76.3,81.7,31.5,71.6,77.1,82.5,99.7,0.30,0.50,0.70,39.4,0.39,1.24,0.35,2969,85.8,0.00,0.10,0.10,85.6,2540,0.24,1.08,0.20
EXETER EYE,EXETER EYE,ENGLAND,PRIVATE,,148,,1,1010,,1006,5,100.0,0.0,0.0,0.0,678,1006,58.8,69.5,75.8,81.3,41.2,69.4,76.4,81.6,90.9,0.26,0.40,0.54,37.9,0.30,1.12,0.29,843,70.3,0.00,0.10,0.16,63.1,532,0.00,0.96,0.00
SPAMEDICA - BROMLEY,NPG,ENGLAND,NHS - ISTC,Bromley,149,3740,1,3752,100.0,3750,18,100.0,0.0,0.0,0.0,2797,3750,60.9,68.2,75.4,81.5,39.1,69.5,75.9,81.8,99.2,0.30,0.50,0.70,28.9,0.69,1.20,0.64,3056,85.7,0.00,0.10,0.20,85.0,2599,0.23,0.87,0.24
SPAMEDICA - WOKINGHAM,NPG,ENGLAND,NHS - ISTC,Wokingham,150,3820,1,3835,100.0,3826,24,100.0,0.0,0.0,0.0,2932,3826,68.2,70.2,76.1,81.7,31.8,71.8,77.1,82.7,99.2,0.30,0.40,0.60,35.0,0.55,1.37,0.44,3048,86.7,0.00,0.10,0.20,86.2,2626,0.30,0.85,0.32
SPAMEDICA - STOCKTON-ON-TEES,NPG,ENGLAND,NHS - ISTC,Stockton-On-Tees,151,2565,1,2731,100.0,2727,17,100.0,0.0,0.0,0.0,2050,2727,63.1,69.2,74.9,80.8,36.9,69.7,75.5,81.6,99.5,0.30,0.40,0.70,19.3,0.51,1.16,0.49,2163,89.0,0.00,0.00,0.10,88.7,1918,0.21,0.73,0.26
NEWMEDICA (BRIGG),ACG,ENGLAND,NHS - ISTC & PRIVATE,Brigg,153,2222.397,0.9726027,2298,100.0,2298,10,100.0,0.0,0.0,0.0,1675,2298,63.6,70.8,76.2,81.3,36.4,71.4,76.6,81.6,69.1,0.30,0.40,0.50,11.1,0.09,1.06,0.09,1777,0.0,,,,0.0,,,,
WEST SUFFOLK NHS FOUNDATION TRUST,RGR,ENGLAND,NHS,,154,1550,1,496,32.0,375,9,71.5,0.0,28.5,0.0,340,373,77.7,74.3,80.1,84.4,22.3,76.5,80.6,84.3,96.3,0.38,0.50,0.70,50.7,2.13,1.90,1.24,310,73.5,0.05,0.12,0.26,71.6,222,0.00,1.94,0.00
NEWMEDICA (FROME),ACG,ENGLAND,NHS - ISTC & PRIVATE,Frome,156,1250,1,1298,100.0,1298,10,100.0,0.0,0.0,0.0,1066,1298,66.6,70.7,76.1,81.6,33.4,71.7,76.4,82.2,82.5,0.40,0.50,0.70,36.4,0.39,1.25,0.34,1053,5.8,0.00,0.10,0.10,5.3,,,,
CHEC (PRESTON),T040,ENGLAND,NHS - ISTC,Preston,157,4423.178,0.9753425,1553,35.1,1553,11,48.6,51.4,0.0,0.0,1064,1449,63.7,69.0,75.0,81.0,36.3,71.0,75.0,81.0,92.9,0.30,0.48,0.60,13.9,0.45,1.45,0.34,1225,59.3,0.00,0.00,0.18,55.8,,,,
THE STONEYGATE EYE HOSPITAL,DPK,ENGLAND,NHS - ISTC,The Stoneygate Eye Hospital,158,,1,1126,,1126,4,100.0,0.0,0.0,0.0,1010,1124,89.1,68.2,75.0,80.4,10.9,69.2,75.2,79.8,98.6,0.30,0.48,0.78,5.4,0.18,0.97,0.20,1126,97.7,0.00,0.00,0.10,96.4,1085,0.28,0.57,0.44
NEWMEDICA (WAKEFIELD),ACG,ENGLAND,NHS - ISTC & PRIVATE,Wakefield,159,651.6438,0.9726027,669,100.0,669,2,100.0,0.0,0.0,0.0,469,669,68.0,68.5,75.1,79.7,32.0,70.9,75.6,79.0,14.3,0.30,0.40,0.60,4.0,0.30,1.05,0.31,530,0.0,,,,0.0,,,,
OPTEGRA EYE HEALTH CARE (CENTRAL LONDON EYE HOSPITAL),NNH,ENGLAND,NHS - ISTC,Central London,160,2745,1,416,15.2,411,4,100.0,0.0,0.0,0.0,345,409,39.6,62.9,69.8,75.4,60.4,62.6,69.4,75.5,99.0,0.10,0.20,0.50,17.5,0.24,1.12,0.24,346,84.7,-0.10,-0.06,0.00,83.5,289,0.00,1.26,0.00
NEWMEDICA (GLOUCESTER - BRIGHOUSE),ACG,ENGLAND,NHS - ISTC & PRIVATE,Gloucester - Brighouse,161,3960,1,4458,100.0,4455,14,100.0,0.0,0.0,0.0,3653,4455,57.0,70.0,76.3,81.7,43.0,71.5,77.1,82.2,92.5,0.30,0.40,0.60,23.5,0.27,1.14,0.26,3671,63.1,0.00,0.00,0.10,60.4,2217,0.99,0.72,1.24
SPAMEDICA - BRIGHTON,NPG,ENGLAND,NHS - ISTC,Brighton,162,1180.603,0.8876712,2373,100.0,2369,17,100.0,0.0,0.0,0.0,1838,2369,62.8,70.1,76.1,81.7,37.2,71.0,76.7,82.7,99.6,0.40,0.50,0.70,41.7,0.63,1.26,0.55,1799,86.4,0.00,0.10,0.20,86.0,1548,0.71,0.89,0.72
NEWMEDICA (LEICESTER),ACG,ENGLAND,NHS - ISTC,Leicester,163,2080,1,2071,99.6,2071,5,100.0,0.0,0.0,0.0,1788,2071,79.4,68.8,75.3,81.5,20.6,69.9,76.3,81.2,56.8,0.48,0.48,0.78,0.3,0.24,1.02,0.26,1697,67.6,0.00,0.00,0.10,63.3,1074,0.28,0.54,0.46
SPAMEDICA - GLOUCESTER,NPG,ENGLAND,NHS - ISTC,Gloucester,164,1557.863,0.9616438,2026,100.0,2026,18,100.0,0.0,0.0,0.0,1587,2026,65.4,70.7,76.1,81.1,34.6,71.5,76.7,81.8,99.6,0.30,0.40,0.60,43.5,0.74,1.25,0.65,1425,81.0,0.00,0.10,0.10,80.8,1151,0.70,1.13,0.55
SPAMEDICA - KENDAL,NPG,ENGLAND,NHS - ISTC,Kendal,165,1244.521,0.630137,2011,100.0,2009,21,100.0,0.0,0.0,0.0,1550,2009,62.5,70.9,76.2,81.6,37.5,72.1,77.0,82.4,99.7,0.30,0.40,0.60,60.9,0.50,1.34,0.41,1378,93.3,0.00,0.00,0.10,93.0,1281,0.23,1.21,0.17
SPAMEDICA - ROMFORD,NPG,ENGLAND,NHS - ISTC,Romford,166,1114.315,0.6986302,1604,100.0,1603,8,100.0,0.0,0.0,0.0,1349,1603,66.1,67.3,74.1,80.0,33.9,69.5,75.7,81.5,99.3,0.30,0.40,0.70,33.1,0.44,1.14,0.42,1064,70.5,0.00,0.10,0.20,70.3,748,0.40,0.83,0.43
CHEC (BRIDGEND),T040,CYMRU,NHS - ISTC,Bridgend,167,,0.3150685,1573,,1573,3,1.1,98.9,0.0,0.0,1231,951,96.7,72.0,77.0,83.0,3.3,73.0,78.0,84.0,99.7,0.30,0.48,0.60,10.5,0.51,1.83,0.31,601,4.2,,,,4.2,,,,
SPAMEDICA - BRISTOL,NPG,ENGLAND,NHS - ISTC,Bristol,168,1035,1,1554,100.0,1549,16,100.0,0.0,0.0,0.0,1293,1549,78.5,69.0,75.5,81.2,21.5,70.5,76.3,81.1,98.8,0.30,0.40,0.70,37.4,0.71,1.26,0.62,1003,76.1,0.00,0.10,0.10,75.8,760,0.26,1.01,0.23
CHEC (NEW CROSS),T040,ENGLAND,NHS - ISTC,New Cross,169,,0.860274,1411,,1411,9,96.7,3.3,0.0,0.0,1022,1131,78.0,62.0,70.0,77.0,22.0,66.0,71.0,78.0,97.2,0.18,0.48,0.60,16.0,0.78,1.13,0.76,1015,55.8,0.00,0.00,0.18,54.9,,,,
SPAMEDICA - WATFORD,NPG,ENGLAND,NHS - ISTC,Watford,170,1308.164,0.9479452,1385,100.0,1384,13,99.3,0.0,0.7,0.0,1032,1384,65.6,68.0,74.6,80.3,34.4,68.2,75.2,81.2,99.3,0.20,0.40,0.60,22.3,0.51,1.14,0.49,1070,92.1,0.00,0.00,0.10,91.4,978,0.31,0.81,0.34
SPAMEDICA - POOLE,NPG,ENGLAND,NHS - ISTC,Poole,171,746.1233,0.5945206,1262,100.0,1258,15,100.0,0.0,0.0,0.0,1049,1258,66.8,72.9,77.9,83.2,33.2,72.9,77.9,83.0,98.7,0.30,0.40,0.60,31.5,0.48,1.19,0.44,833,87.9,0.00,0.10,0.20,87.3,727,0.69,0.85,0.73
SPAMEDICA - NEWARK,NPG,ENGLAND,NHS - ISTC,Newark,172,595.4794,0.5178082,1151,100.0,1151,12,100.0,0.0,0.0,0.0,936,1151,76.7,70.5,76.6,81.9,23.3,70.9,77.2,82.7,99.7,0.30,0.40,0.60,41.6,0.35,1.29,0.30,634,86.8,0.00,0.10,0.10,86.4,548,0.00,0.80,0.00
CHEC (SLOUGH),T040,ENGLAND,NHS - ISTC,Slough,173,,0.7342466,1096,,1096,7,97.7,2.3,0.0,0.0,794,842,78.5,66.0,73.0,79.0,21.5,68.0,74.0,81.0,93.2,0.30,0.30,0.48,14.8,0.64,1.14,0.62,780,39.9,0.00,0.18,0.30,37.6,,,,
SPAMEDICA - EXETER,NPG,ENGLAND,NHS - ISTC,Exeter,174,664.2192,0.6356164,1046,100.0,1046,10,100.0,0.0,0.0,0.0,894,1046,81.9,69.7,75.3,80.0,18.1,70.3,75.8,80.8,99.6,0.30,0.40,0.60,43.7,0.86,1.20,0.79,408,86.0,0.00,0.10,0.10,85.3,348,0.86,0.91,0.85
NEWMEDICA (SHREWSBURY),ACG,ENGLAND,NHS - ISTC & PRIVATE,Shrewsbury,175,385.2055,0.4164384,942,100.0,942,4,100.0,0.0,0.0,0.0,865,942,80.0,72.3,77.5,82.7,20.0,71.9,77.0,82.9,46.9,0.30,0.40,0.70,12.7,0.21,1.11,0.21,377,8.0,,,,7.7,,,,
SPAMEDICA - SOUTHAMPTON,NPG,ENGLAND,NHS - ISTC,Southampton,176,788.2054,0.9671233,817,100.0,817,11,100.0,0.0,0.0,0.0,635,817,68.7,70.5,75.5,81.8,31.3,71.8,76.6,82.8,99.4,0.30,0.40,0.60,34.4,0.37,1.22,0.33,651,91.1,0.00,0.10,0.20,90.8,591,0.00,0.83,0.00
SPAMEDICA - PETERBOROUGH,NPG,ENGLAND,NHS - ISTC,Peterborough,177,396.1233,0.5178082,763,100.0,761,6,100.0,0.0,0.0,0.0,633,761,61.0,69.6,75.9,81.4,39.0,71.0,76.2,82.0,99.7,0.30,0.50,0.70,59.0,0.53,1.41,0.41,415,89.9,0.00,0.10,0.20,89.9,373,0.80,1.27,0.57
SPAMEDICA - SITTINGBOURNE,NPG,ENGLAND,NHS - ISTC,Sittingbourne,178,462.8082,0.6383561,729,100.0,718,12,100.0,0.0,0.0,0.0,563,718,69.9,70.3,76.0,80.6,30.1,72.8,77.5,82.1,100.0,0.30,0.40,0.60,31.1,0.70,1.16,0.66,463,89.2,0.00,0.10,0.20,89.2,413,0.48,0.91,0.48
CHEC (COVENTRY),T040,ENGLAND,NHS - ISTC,Coventry,179,,0.5424657,648,,648,3,2.0,98.0,0.0,0.0,570,646,88.1,69.0,76.0,82.0,11.9,70.0,76.0,82.0,90.4,0.30,0.48,0.60,21.3,0.31,1.76,0.19,403,47.6,0.00,0.00,0.30,44.4,,,,
SPAMEDICA - GATESHEAD,NPG,ENGLAND,NHS - ISTC,Gateshead,180,197.9863,0.4082192,611,100.0,609,11,100.0,0.0,0.0,0.0,595,609,80.6,71.2,76.2,81.9,19.4,72.8,77.2,82.4,100.0,0.30,0.50,0.70,18.6,0.82,1.15,0.79,216,86.6,0.00,0.00,0.20,86.6,187,0.00,0.64,0.00
OPTEGRA EYE HEALTH CARE (NEWCASTLE EYE CLINIC),NNH,ENGLAND,NHS - ISTC,Newcastle,181,130.4109,0.3260274,575,100.0,567,1,100.0,0.0,0.0,0.0,480,567,71.4,69.9,75.9,81.5,28.6,70.3,76.7,82.3,99.3,0.30,0.50,0.70,15.3,0.18,1.21,0.16,179,85.5,-0.10,0.00,0.10,83.8,150,0.67,0.65,0.92
SPAMEDICA - NORWICH,NPG,ENGLAND,NHS - ISTC,Norwich,182,259.2877,0.4630137,560,100.0,559,9,100.0,0.0,0.0,0.0,490,557,75.9,70.1,75.3,80.3,24.1,70.2,75.5,81.2,100.0,0.30,0.40,0.60,29.0,0.72,1.26,0.62,220,85.9,0.00,0.10,0.20,85.9,189,1.06,0.64,1.49
NEWMEDICA (NORWICH),ACG,ENGLAND,NHS - ISTC & PRIVATE,Norwich,183,158.7671,0.3342466,482,100.0,482,5,100.0,0.0,0.0,0.0,377,482,78.0,69.0,74.6,81.0,22.0,68.5,74.5,81.1,19.9,0.10,0.18,0.40,25.3,0.41,1.15,0.40,140,50.7,0.00,0.07,0.10,11.4,,,,
SPAMEDICA - LEICESTER,NPG,ENGLAND,NHS - ISTC,Leicester,184,176.3014,0.3917808,449,100.0,447,4,100.0,0.0,0.0,0.0,380,447,72.7,70.2,75.0,80.3,27.3,70.8,74.9,79.4,99.3,0.30,0.40,0.60,38.5,1.12,1.20,1.03,189,86.2,0.00,0.00,0.10,85.7,162,0.00,1.10,0.00
SPAMEDICA - EPSOM,NPG,ENGLAND,NHS - ISTC,Epsom,185,86.58904,0.3534247,249,100.0,249,8,100.0,0.0,0.0,0.0,211,249,72.3,66.8,74.3,79.4,27.7,69.4,74.1,78.7,98.4,0.30,0.40,0.60,47.8,1.61,1.38,1.28,72,91.7,0.00,0.00,0.10,90.3,65,0.00,1.38,0.00
CHEC (NOTTINGHAM),T040,ENGLAND,NHS - ISTC,Nottingham,186,,0.2958904,154,,154,5,90.3,9.7,0.0,0.0,142,152,91.4,69.0,75.0,80.0,8.6,71.0,74.0,79.0,99.4,0.18,0.48,0.60,14.9,0.65,1.21,0.59,15,,,,,,,,,
CHEC (LEICESTER),T040,ENGLAND,NHS - ISTC,Leicester,187,,0.0739726,126,,126,4,100.0,0.0,0.0,0.0,126,126,100.0,67.0,73.5,79.0,,,,,100.0,0.30,0.48,0.78,21.4,0.00,1.26,0.00,0,,,,,,,,,
CHEC (GRANGE MEDICAL CENTRE),T040,ENGLAND,NHS - ISTC,Grange Medical Centre,188,,0.6712329,91,,91,4,50.5,49.5,0.0,0.0,73,87,75.9,68.0,74.0,80.0,24.1,69.0,73.0,79.0,84.6,0.30,0.48,0.60,8.8,0.00,1.31,0.00,83,41.0,,,,38.6,,,,
